foveation,distance,a_acc,a_conf_correct,a_conf_incorrect,a_acc_std,a_conf_correct_std,a_conf_incorrect_std,ax_acc,ax_acc_std,ax_conf_correct,ax_conf_correct_std,ax_conf_incorrect,ax_conf_incorrect_std,xax_acc,xax_acc_std,xax_conf_correct,xax_conf_correct_std,xax_conf_incorrect,xax_conf_incorrect_std
base,5,0.263,0.5502514053036958,0.26054786726468454,0.0,0.0,0.0,0.2503,0.003831158803518565,0.5349042786102338,0.007058406527731345,0.24324067457621495,0.0013617174301362982,0.21480000000000002,0.005370702416299419,0.5243343272982336,0.006999667515608974,0.25768226081247375,0.0021285223783324026
base,10,0.263,0.5502514053036958,0.26054786726468454,0.0,0.0,0.0,0.25020000000000003,0.00404969134626332,0.5333043436463815,0.005133536135192618,0.242941382295406,0.0015094853743152826,0.21430000000000002,0.005396500923952686,0.5228781860612199,0.0076071448503910845,0.25848014502186184,0.0019840882251137013
base,20,0.263,0.5502514053036958,0.26054786726468454,0.0,0.0,0.0,0.25039999999999996,0.00406065128875762,0.5316123762570161,0.004792609456777111,0.2427717714227618,0.00132314490455032,0.2122,0.005921711464320654,0.5235587465293507,0.007819179366741673,0.25974473144138643,0.0019149434950381657
base,30,0.263,0.5502514053036958,0.26054786726468454,0.0,0.0,0.0,0.2499,0.0038427420765212296,0.5310567510016835,0.004228787552730722,0.24250459738360047,0.0015443735328181769,0.21139999999999998,0.005316640543300501,0.5234018416376434,0.006696660886556606,0.2600665190636283,0.002516977796622037
base,50,0.263,0.5502514053036958,0.26054786726468454,0.0,0.0,0.0,0.2502,0.004289522117905447,0.5309350811818924,0.004506897486014537,0.2423229733641829,0.0014915805775168557,0.2116,0.005985166849990251,0.523456207920117,0.00784433821869691,0.2605220184562601,0.0026341079821393357
crop,5,0.469,0.7167340092885215,0.32032691969373134,0.0,0.0,0.0,0.4455,0.0052121652570373015,0.6945475544791092,0.006521915493643659,0.30714991442667516,0.003850356357072109,0.39780000000000004,0.006160808027812218,0.6693717653871113,0.009565342609043275,0.29590435436032136,0.00421264418212454
crop,10,0.469,0.7167340092885215,0.32032691969373134,0.0,0.0,0.0,0.4473000000000001,0.004691600058733817,0.6928110199769254,0.006248292331335269,0.307031125206518,0.0034048115859681843,0.39909999999999995,0.005896326540030374,0.6686417130701133,0.00903528668038319,0.296294269688955,0.003944846274881356
crop,20,0.469,0.7167340092885215,0.32032691969373134,0.0,0.0,0.0,0.4467,0.0038311588035185654,0.6940336507167048,0.0047175085303277735,0.3069000477820906,0.0034362168759312015,0.4,0.0058118652580542145,0.6690450332810081,0.009355178401650316,0.2973160785603128,0.0035143291111615544
crop,30,0.469,0.7167340092885215,0.32032691969373134,0.0,0.0,0.0,0.4469,0.005216427044549857,0.6932206180917216,0.005769683074165816,0.3079367221514052,0.0031179690329664112,0.3996,0.005440588203494161,0.6696998488802031,0.008050434923146074,0.29812939672578787,0.0035065491893362492
crop,50,0.469,0.7167340092885215,0.32032691969373134,0.0,0.0,0.0,0.4473999999999999,0.004452215428550404,0.6935285436886482,0.005014924961493733,0.3090899509320215,0.0034917163826755845,0.4013,0.006019413038937696,0.6691465497048179,0.008434386730710449,0.2989811384307697,0.003570682716632664
blur-light,5,0.286,0.6174206414579094,0.27407839756031166,0.0,0.0,0.0,0.2742,0.0036453928305312873,0.5881684050416947,0.005747024599355558,0.2560645363563467,0.0021509994749545273,0.24330000000000002,0.008219894565422763,0.5756475148644337,0.013160373266479392,0.25428283602545854,0.0030611220969037974
blur-light,10,0.286,0.6174206414579094,0.27407839756031166,0.0,0.0,0.0,0.2752,0.004541169697580377,0.587251051165711,0.005893395407705703,0.25562908020036834,0.002438017638820903,0.24369999999999997,0.008499019551297273,0.5748649339876476,0.011312735866606284,0.2535735424929831,0.0033175422827218257
blur-light,20,0.286,0.6174206414579094,0.27407839756031166,0.0,0.0,0.0,0.2753,0.005143496432929219,0.5890499356217138,0.00788602757143954,0.2550932557296269,0.0024237637088946797,0.2424,0.008099382692526635,0.5781488733499754,0.011283575780173185,0.25341068729440697,0.002822094784327973
blur-light,30,0.286,0.6174206414579094,0.27407839756031166,0.0,0.0,0.0,0.27580000000000005,0.004022160834399565,0.588042137070475,0.0063049944672989916,0.25404805041554646,0.002252169218083425,0.24230000000000002,0.00821989456542276,0.5784550410820197,0.01217979103445606,0.2529984594083524,0.0030793279575301335
blur-light,50,0.286,0.6174206414579094,0.27407839756031166,0.0,0.0,0.0,0.2747,0.0046200048100023105,0.5902785468481689,0.007086719998972233,0.2533528935246906,0.002253558141549913,0.2428,0.008664102184685189,0.5804917205652229,0.01330521118132235,0.25318194219899637,0.0028995096610839027
blur-nosal,5,0.262,0.5571553808075326,0.23690448361158695,0.0,0.0,0.0,0.2638,0.002936362072739368,0.5385490453450086,0.004215279577491356,0.2262036483847468,0.002067042111594609,0.2465,0.005441609239104832,0.5214288397056603,0.008507549545934308,0.22993051891906693,0.0036339456199688458
blur-nosal,10,0.262,0.5571553808075326,0.23690448361158695,0.0,0.0,0.0,0.2655,0.0032403703492039334,0.5371793878986623,0.004745805705802739,0.226069906722861,0.0020282591727887986,0.24699999999999997,0.004496912521077351,0.5213249462344225,0.007280026628522553,0.22925381009886164,0.0035336578304040233
blur-nosal,20,0.262,0.5571553808075326,0.23690448361158695,0.0,0.0,0.0,0.2684,0.0033065591380366014,0.5356803080743434,0.004350218793748963,0.22632428836124802,0.0018137434324746013,0.24780000000000002,0.004638007234913627,0.5227045193720243,0.00737144200165598,0.228359232246809,0.003664756003274383
blur-nosal,30,0.262,0.5571553808075326,0.23690448361158695,0.0,0.0,0.0,0.2691,0.0032812599206199266,0.5367365266747767,0.005169065071320061,0.22579361869049408,0.0017841607612039247,0.24889999999999998,0.004629614814791115,0.5225187340714861,0.008028953322138908,0.22782494659050334,0.003835305854666878
blur-nosal,50,0.262,0.5571553808075326,0.23690448361158695,0.0,0.0,0.0,0.26860000000000006,0.003373096170846274,0.5389893554004533,0.004514492621336043,0.22599600515053617,0.0017691563541905686,0.2501,0.004067486256208431,0.5214548778384103,0.007225855071151898,0.22773480244945016,0.003527000341229993
blur-strong,5,0.264,0.5343367414492549,0.22078744142630097,0.0,0.0,0.0,0.2598,0.003966526608171608,0.5271892149377073,0.005258464301533909,0.21004268932249398,0.0012228766971135163,0.24769999999999998,0.006700746227100388,0.5201742175975689,0.008653180342238656,0.2062461139010186,0.0026584699527521845
blur-strong,10,0.264,0.5343367414492549,0.22078744142630097,0.0,0.0,0.0,0.26080000000000003,0.003457680661303987,0.5253654233973483,0.005034674592477212,0.2098558035061564,0.0013010624627629644,0.2474,0.006719788356455554,0.5201478691325565,0.009032425380409173,0.20557923343867204,0.0027401759522019827
blur-strong,20,0.264,0.5343367414492549,0.22078744142630097,0.0,0.0,0.0,0.261,0.004082482904638634,0.5237971142985691,0.006379559539037807,0.20970081780358502,0.0012168999269839443,0.2488,0.007099295739719545,0.5169978536404631,0.009320397283931888,0.2053129479702862,0.0025078429989309143
blur-strong,30,0.264,0.5343367414492549,0.22078744142630097,0.0,0.0,0.0,0.2617,0.003973523485382831,0.5218463469022669,0.005673555836464244,0.2096089052216577,0.0009699131352389,0.24769999999999998,0.007040359839288525,0.5181093858626478,0.00889697141825567,0.20488269763371955,0.0026032373947609956
blur-strong,50,0.264,0.5343367414492549,0.22078744142630097,0.0,0.0,0.0,0.2608,0.003910100879630718,0.5235205743701491,0.005566505689745157,0.20969062396683125,0.0010570913509953782,0.2481,0.0077524189773257295,0.5185756963676522,0.010142345418043482,0.20482303653938105,0.002430153135682808
cm-light,5,0.249,0.5668314170975044,0.25273756702218486,0.0,0.0,0.0,0.2344,0.0050155314330144005,0.5540958578442111,0.009188949872332652,0.22760828667872665,0.00235017096092891,0.1935,0.0064334196885396,0.5434215488210113,0.012058871685670491,0.23521516055641034,0.003972690657058752
cm-light,10,0.249,0.5668314170975044,0.25273756702218486,0.0,0.0,0.0,0.2346,0.005641118880348308,0.5547855822245472,0.009734717407721567,0.22744745872069533,0.0022635095752028644,0.193,0.0055976185412488924,0.5444563322298838,0.012624415934540958,0.23565440762678708,0.00382176813818033
cm-light,20,0.249,0.5668314170975044,0.25273756702218486,0.0,0.0,0.0,0.23559999999999998,0.005966573556070513,0.554576734659227,0.009087903719266465,0.22725872432061026,0.002043546186063045,0.19240000000000002,0.0063104851019729295,0.5426470260028806,0.011837594915179188,0.23641516542483595,0.003940447995231531
cm-light,30,0.249,0.5668314170975044,0.25273756702218486,0.0,0.0,0.0,0.2347,0.005207899981971827,0.5556783681007731,0.007747907723176753,0.2269788804338749,0.0019110590363122196,0.1916,0.0063104851019729295,0.5429076641639047,0.012444454026943656,0.23612765744991343,0.004019484120837422
cm-light,50,0.249,0.5668314170975044,0.25273756702218486,0.0,0.0,0.0,0.23569999999999997,0.005034326612809739,0.5521564295029503,0.00659016318233261,0.22671021591576285,0.0019494613331310767,0.18989999999999999,0.005762908216439957,0.5426889125990455,0.012594432929276703,0.2356147123518728,0.004104374703560557
cm-nosal,5,0.298,0.6257704803907631,0.25245141432464036,0.0,0.0,0.0,0.2996,0.003864367132317187,0.5923336251679201,0.006418608837846605,0.23149115613751464,0.0015335343887651707,0.2672,0.003047767853509992,0.5678553117236269,0.009973886773297004,0.23888396670128653,0.004228038433367761
cm-nosal,10,0.298,0.6257704803907631,0.25245141432464036,0.0,0.0,0.0,0.2993,0.0034976182372199165,0.59359966341212,0.006361517439475773,0.2312393339629885,0.0015963557679944148,0.2684,0.0026331223544175356,0.5664717746933421,0.008781019752923417,0.23945155257869297,0.004521372573716659
cm-nosal,20,0.298,0.6257704803907631,0.25245141432464036,0.0,0.0,0.0,0.2994,0.0037771241264574155,0.5961453541023761,0.006360233467005197,0.2308052883910146,0.0018371480426563672,0.2691,0.0036040101122068054,0.5681639931971612,0.00941130417224944,0.23961662461749983,0.0046939472422587464
cm-nosal,30,0.298,0.6257704803907631,0.25245141432464036,0.0,0.0,0.0,0.3004,0.00403319558993445,0.5958595658061785,0.007283547862668387,0.23126597782125513,0.0018838832528417409,0.2695,0.0026352313834736517,0.5704999178539342,0.009673241517599677,0.2404627296195084,0.0051889615907154745
cm-nosal,50,0.298,0.6257704803907631,0.25245141432464036,0.0,0.0,0.0,0.3013,0.003713339317768969,0.5947531146905177,0.005799425129216076,0.23183919934194114,0.0017675596166592642,0.26850000000000007,0.003865804501581071,0.5718267305444227,0.01042436571637237,0.24142419361848727,0.0052073650725820795
cm-strong,5,0.309,0.6531698736558068,0.24469152187278922,0.0,0.0,0.0,0.3055,0.005661762583821015,0.6276804002741938,0.010956058680267338,0.23331735942989212,0.0027404896969926724,0.2759,0.006261877602693213,0.6078655889499008,0.010180801693190331,0.23646754006107576,0.0041753489546523725
cm-strong,10,0.309,0.6531698736558068,0.24469152187278922,0.0,0.0,0.0,0.30569999999999997,0.004191260749066646,0.6283134473859392,0.009728130096483135,0.23324404113928682,0.0027117474506058183,0.2753,0.006464432603785795,0.6100152446546084,0.0102731898683902,0.2368257818974988,0.003906558170832024
cm-strong,20,0.309,0.6531698736558068,0.24469152187278922,0.0,0.0,0.0,0.30770000000000003,0.0038020462326957024,0.6279870200332726,0.009094640722817729,0.23336924256420608,0.002344546297109669,0.27460000000000007,0.005561774297230447,0.6127547698786249,0.008786905831671599,0.23828783907779397,0.003735383581684895
cm-strong,30,0.309,0.6531698736558068,0.24469152187278922,0.0,0.0,0.0,0.3077,0.004110960958218897,0.6296423620165427,0.00912185031402557,0.2336851818364801,0.002126164137699587,0.2739,0.005363456596884751,0.6157177592308681,0.0076231039097630505,0.2393943047365712,0.0038459961406282915
cm-strong,50,0.309,0.6531698736558068,0.24469152187278922,0.0,0.0,0.0,0.30789999999999995,0.004201851443775183,0.6293257720822497,0.008621268321381092,0.23379036311573165,0.002064286715443506,0.2741,0.005566766466171254,0.6148035079539651,0.009149801207280402,0.2400297979747406,0.0035778908904617814
