label,class_name,accuracy,mean_mask_area,std_mask_area,min_mask_area,max_mask_area,q05_mask_area,q95_mask_area,n_samples,mean_conf
340,zebra,96.0,0.29898437698837366,0.22937882396604672,0.0024642858188599,0.8277305364608765,0.021263523958623323,0.7426213979721069,50,0.8772731548547745
986,yellow_lady's_slipper,94.0,0.07887761987745757,0.07144978469787568,0.0047447448596358,0.3153949975967407,0.01256800014525646,0.2246149867773055,50,0.8880734956264495
685,odometer,92.0,0.38478580631315706,0.2512764032463543,0.0163573324680328,0.9426783919334412,0.06260213162750002,0.8358932346105575,50,0.8798849138617516
661,Model_T,88.0,0.40595697045326234,0.1209381204162958,0.1767093390226364,0.7394773364067078,0.24698400050401684,0.6373671889305115,50,0.6939922657608986
640,manhole_cover,88.0,0.550231224372983,0.21599753938825703,0.0420053340494632,0.9964586496353148,0.2706733003258705,0.9695103913545606,50,0.8204014102369547
425,barn,88.0,0.2241251954063773,0.1398844403524372,0.0174551587551832,0.6574506759643555,0.05363949015736574,0.5096121236681938,50,0.7701796415448189
565,freight_car,86.0,0.5240647764503956,0.24099941819017545,0.0162186659872531,0.9911519885063172,0.1070033999159932,0.8299816697835921,50,0.7435739052295685
873,triumphal_arch,84.0,0.39530711352825165,0.2035935438485241,0.0341493338346481,0.9960479736328124,0.08749786689877503,0.7359750300645826,50,0.7503690925240517
139,ruddy_turnstone,84.0,0.13043481476604935,0.08157344602980601,0.0209843404591083,0.3928500115871429,0.026358381193131154,0.29080724269151675,50,0.7679698383808136
628,liner,84.0,0.13476088987081308,0.14926426369427714,0.0008763441001065,0.6019253134727478,0.002259589184541215,0.44434187412261944,50,0.7227591735124588
87,African_grey,84.0,0.3052023725956678,0.18534046570720913,0.0147360004484653,0.7846538424491882,0.07423065155744545,0.6621875077486037,50,0.6578866781294346
607,jack-o'-lantern,82.0,0.2812017071060836,0.17884703896056228,0.0046133333817124,0.7708693146705627,0.028213332872837744,0.5893306612968443,50,0.8108491492271424
404,airliner,82.0,0.16472816051915284,0.13479717450460774,0.0080853337422013,0.6629068851470947,0.037609908170998074,0.4226105853915214,50,0.7067933739721775
995,earthstar,82.0,0.1783186254650354,0.0898868503348409,0.0258575193583965,0.3710712790489197,0.0437988275662064,0.32510764300823203,50,0.7142762809991836
547,electric_locomotive,80.0,0.2627509722486138,0.13504101584092715,0.0267626661807298,0.6803002953529358,0.08538029938936231,0.49337891936302164,50,0.7559899173676967
396,lionfish,80.0,0.3346319435723126,0.19258092174807756,0.0083076925948262,0.9863799810409546,0.0970148183405399,0.6009660661220548,50,0.7635047560930253
90,lorikeet,80.0,0.27529229309409853,0.1900005898077929,0.0185040328651666,0.789984405040741,0.04950685258954757,0.6539094477891921,50,0.731297033727169
255,Leonberg,80.0,0.3589230725169182,0.14148947695713526,0.0680320858955383,0.7179388999938965,0.08233067654073231,0.6110479831695556,50,0.6935044279694558
984,rapeseed,80.0,0.335528396833688,0.2307851657005476,0.0132426666095852,0.9511711597442628,0.03074316624552008,0.7372527748346327,50,0.7652149851620197
985,daisy,80.0,0.27251965571194886,0.2491947536920527,0.0089080464094877,0.9746549725532532,0.03525708019733424,0.8352301448583601,50,0.7473683224618435
645,maypole,80.0,0.031903929328545876,0.054101241928106766,0.0012550000101327,0.3425920009613037,0.0034562666201963504,0.10815573707222924,50,0.672932498306036
393,anemone_fish,80.0,0.10706287647131826,0.16227998146905284,0.003209434216842,0.974175989627838,0.0038132213056086954,0.35991220921277983,50,0.672118523567915
548,entertainment_center,80.0,0.48298719301819804,0.1975134481414824,0.0421850159764289,0.8262550234794617,0.16991630345582961,0.791243889927864,50,0.7012888523936271
323,monarch,78.0,0.14246468835044648,0.0963165303436475,0.001157333375886,0.3770490884780884,0.013830179721116964,0.3104932725429535,50,0.8116764360666275
321,admiral,78.0,0.1728190809488296,0.08492768802215989,0.02338133379817,0.3901272118091583,0.05901866704225537,0.29362393766641615,50,0.7351292341947555
576,gondola,78.0,0.07747475188691165,0.07853633356025487,0.0013973333407193,0.2995093464851379,0.01194428144954139,0.2510327152907848,50,0.7444555315375329
83,prairie_chicken,78.0,0.1312983476091176,0.10437626510842868,0.0076855034567415,0.5077173113822937,0.012346917996182975,0.28804051280021653,50,0.6663832040131092
900,water_tower,78.0,0.2083263596333563,0.1449202939553505,0.0140479998663067,0.6429706811904907,0.031060500442981705,0.4349942877888678,50,0.7185436722636223
993,gyromitra,78.0,0.22324859268963335,0.10534934663773106,0.0461546666920185,0.4731855988502502,0.07235413342714307,0.4085014253854752,50,0.6480521413683892
466,bullet_train,78.0,0.19063456583768126,0.11077121101006254,0.0239413324743509,0.484058678150177,0.04812479931861155,0.37481706291437145,50,0.7125464507937431
716,picket_fence,78.0,0.2853016438707709,0.16099740693767856,0.0287786666303873,0.7855329513549805,0.0713421501219272,0.6016205728054046,50,0.6776888394355773
679,necklace,78.0,0.1574111115554933,0.1379332989528793,0.0,0.5101040005683899,0.0,0.4570561990141867,50,0.6304202049970626
145,king_penguin,78.0,0.14780320283025497,0.1603635004265245,0.0055999998003244,0.7795265913009644,0.009504000120796191,0.43791161775588955,50,0.6773157723248004
746,puck,78.0,0.13285788581400987,0.2352049578662226,0.0001176470614154,0.712216854095459,0.000268115249491485,0.6423772215843199,50,0.7260358837991953
148,killer_whale,78.0,0.07595850822981443,0.09730408923746994,0.0023422460071742,0.382176011800766,0.004676898615434711,0.3260194584727287,50,0.610060092061758
800,slot,78.0,0.011696311054984055,0.04200035855757906,0.0001226666645379,0.2934933304786682,0.00035786665830522005,0.037649066187441294,50,0.7254674223065376
95,jacamar,76.0,0.14859221193939443,0.08274774631806289,0.0084946695715188,0.3570141494274139,0.03214151235297319,0.2842424631118774,50,0.6605288979411125
325,sulphur_butterfly,76.0,0.15776755716651675,0.08644785380225069,0.0157493334263563,0.3298949897289276,0.04249558262526981,0.30994052141904826,50,0.7551047323644161
713,photocopier,76.0,0.5661933037638665,0.16473311411023106,0.1192714273929596,0.8588144779205322,0.3418093502521515,0.7858282506465911,50,0.5821603281795978
701,parachute,76.0,0.11156160532031205,0.12636798461988222,0.0007413333514705,0.7023573517799377,0.00245916270650916,0.3004144221544265,50,0.7177697269618512
24,great_grey_owl,76.0,0.367945196274668,0.2552500110101586,0.0119249997660517,0.9830705523490906,0.053908900357782785,0.8318728715181349,50,0.6855117577314377
668,mosque,76.0,0.2536776117235422,0.1592871838301035,0.0321157909929752,0.6156810522079468,0.0762361761182546,0.5683189272880553,50,0.6383706344664097
669,mosquito_net,76.0,0.44360137328505517,0.1709809234503168,0.095338188111782,0.9556996822357178,0.16151394322514528,0.7223940014839171,50,0.6959856788814068
755,radio_telescope,74.0,0.23373006028588858,0.1950961581558589,0.0032108433078974,0.9054453372955322,0.033099793270230285,0.6347762852907181,50,0.6347219647467136
974,geyser,74.0,0.2035536082834005,0.14604646659426515,0.0246986672282218,0.6677280068397522,0.03786640036851161,0.4696917325258254,50,0.710241779088974
780,schooner,74.0,0.2767278986796736,0.10920902827176508,0.023098150268197,0.4398350417613983,0.06852355394512408,0.42148544192314147,50,0.6786173984408379
959,carbonara,74.0,0.4076247312687337,0.22061800527209638,0.010506666265428,0.7948266863822937,0.06812196578830478,0.7658223718404769,50,0.6917744281888009
100,black_swan,74.0,0.22009663898497817,0.1551501140931203,0.0179414637386798,0.6471174955368042,0.02283108746632927,0.4851542189717293,50,0.6309158912301064
874,trolleybus,74.0,0.24788071028888223,0.13298033087863628,0.0191200003027915,0.6630079746246338,0.07033919990062709,0.4588429301977157,50,0.6187578529119492
289,snow_leopard,74.0,0.40392770431935787,0.2132342291371763,0.0257066674530506,0.9379253387451172,0.07918661721050739,0.8033018976449964,50,0.61487578779459
324,cabbage_butterfly,74.0,0.12381773451343175,0.07436838996632739,0.0083284312859177,0.3438228964805603,0.02066929517313832,0.234169889986515,50,0.7023451048135757
991,coral_fungus,74.0,0.27991660378873345,0.19836651821244414,0.0399805828928947,0.9954936504364014,0.05834046639502045,0.5821942597627638,50,0.6742885135114193
553,file,74.0,0.10310216405079696,0.23210553865827693,0.0004746666527353,0.9108480215072632,0.001013583160238305,0.6224532514810561,50,0.6660944743454457
102,echidna,72.0,0.2588241473212838,0.18590596191247924,0.0212960001081228,0.8476373553276062,0.049762667529284925,0.6024463087320328,50,0.5842269970476628
916,web_site,72.0,0.7711608251929283,0.239688787678775,0.1682260930538177,0.996972680091858,0.3114879235625267,0.9874621391296388,50,0.6288501712679863
540,drilling_platform,72.0,0.17930876232683654,0.1266758536409153,0.0079459454864263,0.5006399750709534,0.019087200704961952,0.3938535690307615,50,0.6037568704783917
430,basketball,72.0,0.012429429194889915,0.018341669039316465,0.0006047904025763,0.1024251505732536,0.001313333312282275,0.04609117452055209,50,0.637007132768631
535,disk_brake,72.0,0.1986251230165362,0.1406055843645699,0.0233866665512323,0.5731256008148193,0.03463575793430204,0.4585651487112044,50,0.6703069400787354
937,broccoli,72.0,0.24697581861633805,0.23113225392768635,0.0012941176537424,0.9101741909980774,0.02748768497258417,0.6764198422431944,50,0.6089665780961514
992,agaric,72.0,0.22855820103548463,0.17862765072439332,0.0013439999893307,0.8538560271263123,0.021437029587104896,0.5808040171861647,50,0.7172309474647045
863,totem_pole,72.0,0.2503639606013894,0.22371490216215945,0.02468266710639,0.9720826745033264,0.03227280024439091,0.7098536163568495,50,0.5910586143285036
138,bustard,72.0,0.1431801273114979,0.10282332285390129,0.010712401010096,0.4901390969753265,0.018303593574091732,0.32096879035234444,50,0.5701723480969667
688,oscilloscope,72.0,0.5933856770396233,0.26153969189227216,0.1699306666851043,0.9892237186431884,0.2120956018567085,0.9611518144607544,50,0.6190226618945599
420,banjo,70.0,0.10089133974164721,0.08306739729979844,0.0108479997143149,0.3987553119659424,0.0152336649596691,0.24190270528197283,50,0.46138194382190706
458,brass,70.0,0.3708665804675547,0.2659135057896502,0.0002771084255073,0.8936777710914612,0.011398709798231686,0.8267011255025863,50,0.6861572450399399
727,planetarium,70.0,0.29997035600245,0.21383608410738789,0.0532586649060249,0.8105493187904358,0.065972801297903,0.734469923377037,50,0.5963711355626583
109,brain_coral,70.0,0.4302603815495968,0.30270236038328724,0.0534506663680076,0.998357355594635,0.08487360142171377,0.9980264157056808,50,0.572203797698021
251,dalmatian,70.0,0.27748091224581,0.1779782751241878,0.0280959997326135,0.6568426489830017,0.056772634759545276,0.6288181990385054,50,0.6098637899756432
25,European_fire_salamander,70.0,0.12854003049433227,0.10864419324546314,0.0285919997841119,0.7391015887260437,0.040558859892189485,0.24470214918255795,50,0.5933340452611446
147,grey_whale,70.0,0.16583648785948749,0.16133817547945578,0.0053518004715442,0.6503183245658875,0.014580533560365351,0.5040152281522748,50,0.5425850537419319
955,jackfruit,70.0,0.16936432829126713,0.1901253455280437,0.0132266664877533,0.9962342381477356,0.02179631758481259,0.5290349334478378,50,0.6392837673425674
946,cardoon,70.0,0.26157350279390806,0.18922300457515287,0.0319146662950515,0.840224027633667,0.0541340228170156,0.6786664813756941,50,0.6182713556289673
475,car_mirror,70.0,0.38214562244713307,0.20563179364084694,0.0269404761493206,0.8318399786949158,0.05561201535165304,0.7445002794265746,50,0.6576494701206684
426,barometer,70.0,0.5003950964286923,0.29910570469368475,0.0213866662234067,0.985519528388977,0.06030782051384446,0.9443858295679092,50,0.5922338432073593
537,dogsled,70.0,0.032561109362868546,0.050558050785807454,0.0,0.2413273304700851,0.00081120879913211,0.14603553414344775,50,0.6437541092932224
94,hummingbird,70.0,0.10941050551831717,0.06811384860222437,0.0021472685039043,0.298088014125824,0.01225734739564352,0.22384829744696616,50,0.58010144546628
625,lifeboat,70.0,0.1619373621512204,0.1455641668643683,0.0029510087333619,0.6899158954620361,0.007513396721333231,0.39928028583526587,50,0.6749281990528107
0,tench,68.0,0.1328153304383158,0.08035606889651632,0.0082453330978751,0.2961173355579376,0.024947466701269076,0.2690853372216224,50,0.606348035633564
581,grille,68.0,0.17249879957176742,0.19795121396716242,0.0040231212042272,0.9357759952545166,0.01039839982986449,0.5913320034742353,50,0.6103739368915558
88,macaw,68.0,0.3945280710607767,0.25331597477906453,0.0615062974393367,0.9945563673973083,0.0884932495653629,0.9018999010324473,50,0.6531652487814427
105,koala,68.0,0.351599741387181,0.22535533494161925,0.0022239999379962,0.998113751411438,0.026230399776250093,0.6765345454216001,50,0.6037679600715637
85,quail,68.0,0.12697723671328273,0.09038258715984447,0.0031999999191612,0.5064520239830017,0.02113765929825597,0.25869019776582713,50,0.6090254361182451
22,bald_eagle,68.0,0.21847591579891737,0.15806619887263046,0.0063636363483965,0.6063200235366821,0.04400184471160165,0.52844320833683,50,0.6092203292250633
392,rock_beauty,68.0,0.18630273886024948,0.1276244981240617,0.0167707372456789,0.474440336227417,0.021671089716255636,0.4010168701410293,50,0.7180315288901329
417,balloon,68.0,0.29436532006831834,0.2581060387273929,0.0009919999865815,0.9772513508796692,0.005573066743090685,0.8277184098958968,50,0.6419310054183006
333,hamster,68.0,0.3117102678120136,0.13411711660612932,0.033749334514141,0.5556371212005615,0.09569973647594449,0.5227465242147445,50,0.5665854573249817
829,streetcar,68.0,0.2233807060308754,0.14808673502802272,0.0050862068310379,0.6665465235710144,0.04807919841259716,0.4480039730668066,50,0.6376884374022483
781,scoreboard,68.0,0.20536241248250003,0.18910493232613387,0.0036373334005475,0.8070385456085205,0.0133440000470727,0.5407034724950789,50,0.6263760654628276
983,scuba_diver,68.0,0.18072502970695492,0.13821750651457476,0.0082599995657801,0.648688018321991,0.023938642442226387,0.3817232474684715,50,0.6337998531758785
944,artichoke,66.0,0.33139562655240296,0.2656429295025906,0.0163519997149705,0.9931700825691224,0.029273066949099258,0.9021653443574905,50,0.6418668709695339
927,trifle,66.0,0.3717518573999405,0.1726923698483953,0.0434399992227554,0.759984016418457,0.15122459828853604,0.692096647620201,50,0.5517233157157898
387,lesser_panda,66.0,0.3049806715548038,0.18213584699868177,0.03110933303833,0.7577343583106995,0.08120819963514801,0.632703250646591,50,0.5288835589587688
376,proboscis_monkey,66.0,0.24344948202371594,0.1857675770858844,0.0208213329315185,0.8030081987380981,0.034221012704074336,0.5843310475349424,50,0.47481915056705476
963,pizza,66.0,0.5127589081600309,0.2732399950112756,0.0127879995852708,0.9806421995162964,0.05042976532131431,0.9493717283010481,50,0.5590687718987465
284,Siamese_cat,66.0,0.4522379571199417,0.2146926189267647,0.1288959980010986,0.9961143732070924,0.15582916960120197,0.84353032708168,50,0.567096429914236
732,Polaroid_camera,66.0,0.3792919860035181,0.19784759251782463,0.0417653322219848,0.9052985310554504,0.09152024500071997,0.7265331357717514,50,0.5791771322488785
141,redshank,66.0,0.07992498145438727,0.06336953032715731,0.0025011086836457,0.255103588104248,0.009985100384801595,0.20214166566729533,50,0.5433642076700926
763,revolver,66.0,0.2242269285023212,0.10916099344390136,0.0320050008594989,0.4493055641651153,0.048544916696846435,0.39697717279195777,50,0.600708729326725
13,junco,66.0,0.116818623393774,0.0712771029848468,0.0274749994277954,0.406161367893219,0.02940846765413875,0.2237745709717273,50,0.6042881087958812
814,speedboat,66.0,0.11473156160209323,0.11694243279970623,0.0020119759719818,0.6110758781433105,0.00815926168579603,0.2963353306055068,50,0.5617918868362903
